{
    "ab": 0.000371869327594311,
    "ac": 0.0007648466126659975,
    "ad": 0.0005988467513744174,
    "ae": 0.006956887024655823,
    "af": 0.0002749638633307912,
    "ag": 0.00034819842362383965,
    "ah": 0.001311594948306166,
    "ai": 0.00779279567138448,
    "aj": 9.505978583429478e-05,
    "ak": 0.00031808123418460504,
    "al": 0.0009300792257502499,
    "am": 0.0005780925464002258,
    "an": 0.0008207705002534021,
    "ao": 0.006584924137027435,
    "ap": 0.0006945687024008542,
    "aq": 4.712766014607985e-05,
    "ar": 0.0014358352121134148,
    "as": 0.0013107375870688666,
    "at": 0.0009610430597068802,
    "au": 0.0027672702131669702,
    "av": 0.00022220446623055123,
    "aw": 0.00021692311333078553,
    "ax": 0.00026147876433841574,
    "ay": 0.0005848085599164365,
    "az": 8.484299716456821e-05,
    "'a": 0.00010528331934915074,
    "bc": 0.0003266179949564695,
    "bd": 0.00044149108808321365,
    "be": 0.0005059788816682985,
    "bf": 0.0002341955758971703,
    "bg": 0.00030706402588698316,
    "bh": 0.00018662431951409536,
    "bi": 0.0003113524875669919,
    "bj": 7.39792574343775e-05,
    "bk": 0.00018432955889858987,
    "bl": 0.0004641683438854176,
    "bm": 0.0005038390227781723,
    "bn": 0.000556594064588457,
    "bo": 0.0003415922132642892,
    "bp": 0.00045078461572992584,
    "bq": 3.465143755748974e-05,
    "br": 0.00044631843682395295,
    "bs": 0.0004920616489385476,
    "bt": 0.0005174665608467018,
    "bu": 0.00021816343184017723,
    "bv": 0.00021392098820380282,
    "bw": 0.0002700681163043896,
    "bx": 0.00015826848183342294,
    "by": 0.0003369089925704738,
    "bz": 8.293501644567843e-05,
    "'b": 3.872617125311498e-05,
    "cd": 0.0006682808975397801,
    "ce": 0.0006391457011560418,
    "cf": 0.00029980471673526443,
    "cg": 0.0007534138987892299,
    "ch": 0.0004074361295847801,
    "ci": 0.0004990134239305286,
    "cj": 9.849523525574037e-05,
    "ck": 0.000420748893640484,
    "cl": 0.0006188229743548928,
    "cm": 0.0006834876174846827,
    "cn": 0.0012239805750693705,
    "co": 0.000586482269739638,
    "cp": 0.0007514563987503251,
    "cq": 4.5142180427139737e-05,
    "cr": 0.0011697698584651692,
    "cs": 0.0012593111562858841,
    "ct": 0.0012657105926056147,
    "cu": 0.00031317448055045717,
    "cv": 0.00034380677011025177,
    "cw": 0.0002510895946025747,
    "cx": 0.0001977624544922804,
    "cy": 0.00038218287662474427,
    "cz": 0.00014346177991236863,
    "'c": 2.630095676990099e-05,
    "de": 0.00170636299284562,
    "df": 0.0005175559181482938,
    "dg": 0.000956308058987786,
    "dh": 0.0002796222946021998,
    "di": 0.0006070101051594444,
    "dj": 9.203984049814566e-05,
    "dk": 0.0019410218973184,
    "dl": 0.002017461034341692,
    "dm": 0.0015043561551107288,
    "dn": 0.0020236737986521793,
    "do": 0.0005125382791814598,
    "dp": 0.0010775893173003623,
    "dq": 4.3709493589933734e-05,
    "dr": 0.0035061125248607937,
    "ds": 0.008132849042144938,
    "dt": 0.003125602027480008,
    "du": 0.0003294437185324068,
    "dv": 0.0005467592887732732,
    "dw": 0.00037615173179830823,
    "dx": 0.00034318619980628127,
    "dy": 0.0019094585015269222,
    "dz": 0.00035700218091249997,
    "'d": 4.626437886040127e-05,
    "ef": 0.0002689086660640042,
    "eg": 0.0007763811862344285,
    "eh": 0.0019100273424633336,
    "ei": 0.004197505151858524,
    "ej": 9.649912773678167e-05,
    "ek": 0.0008925639137371692,
    "el": 0.0013856082942134123,
    "em": 0.0008826279716985703,
    "en": 0.0009154463708202715,
    "eo": 0.008321282651820208,
    "ep": 0.0008262429570498444,
    "eq": 4.382616316751784e-05,
    "er": 0.002497371937214269,
    "es": 0.001817535761069005,
    "et": 0.002785816615651957,
    "eu": 0.0015997335601337327,
    "ev": 0.00018622303811334707,
    "ew": 0.00038768396644409364,
    "ex": 0.00030854423276855856,
    "ey": 0.009157412705863326,
    "ez": 9.445457447562751e-05,
    "'e": 0.00012734078245528233,
    "fg": 0.00022437114248738852,
    "fh": 0.0004303205761736706,
    "fi": 0.00033858791060193663,
    "fj": 8.529652714916113e-05,
    "fk": 0.0011051791521315012,
    "fl": 0.0006778328681859231,
    "fm": 0.0005248517770368857,
    "fn": 0.011813061944464813,
    "fo": 0.00024128367291324164,
    "fp": 0.00039796771880266446,
    "fq": 3.364390972704311e-05,
    "fr": 0.0039261218730100595,
    "fs": 0.003426160727713458,
    "ft": 0.0034832535861161816,
    "fu": 0.00016814360556733049,
    "fv": 0.0006535790686874264,
    "fw": 0.00012717914062947082,
    "fx": 8.010513920183727e-05,
    "fy": 0.00011756398277038117,
    "fz": 6.696493994920048e-05,
    "'f": 1.2042023141691692e-05,
    "gh": 0.00018664726104881304,
    "gi": 0.0003169785780838323,
    "gj": 7.999296234226245e-05,
    "gk": 0.0010349131257990532,
    "gl": 0.0004604463364412465,
    "gm": 0.00047327127237512955,
    "gn": 0.0007718275995623,
    "go": 0.00032295284623687094,
    "gp": 0.0004111192779302323,
    "gq": 4.2039046247004255e-05,
    "gr": 0.0007253489678104515,
    "gs": 0.0007563157981650615,
    "gt": 0.001351575957748012,
    "gu": 0.0002153382532070238,
    "gv": 0.00028150299944320267,
    "gw": 0.0003406774724248305,
    "gx": 0.00017590820024121457,
    "gy": 0.0003512547591703729,
    "gz": 0.00010348751773600928,
    "'g": 2.8738912834642295e-05,
    "hi": 0.0004473066282951642,
    "hj": 6.484363421763281e-05,
    "hk": 0.0005263813655923209,
    "hl": 0.0006634950134677317,
    "hm": 0.0004692050234703211,
    "hn": 0.0006800557737589101,
    "ho": 0.00046964720825049433,
    "hp": 0.0006360754094909872,
    "hq": 2.985545621181527e-05,
    "hr": 0.0011213531944463772,
    "hs": 0.0005894756898550696,
    "ht": 0.0009040760987919205,
    "hu": 0.0002852467376674662,
    "hv": 0.0001328967713244048,
    "hw": 0.0003020769020275771,
    "hx": 9.275634884051034e-05,
    "hy": 0.000249021235736106,
    "hz": 6.923954809876596e-05,
    "'h": 1.3167555818623285e-05,
    "ij": 0.00010185284630649393,
    "ik": 0.00021919572347807765,
    "il": 0.0007553444107827637,
    "im": 0.0004994750845999538,
    "in": 0.0010051504340094282,
    "io": 0.004322627045236593,
    "ip": 0.0004728906839879621,
    "iq": 4.228598046838562e-05,
    "ir": 0.0009072916391336049,
    "is": 0.0008529525617787435,
    "it": 0.000815399835566308,
    "iu": 0.002226391105231681,
    "iv": 0.0002483449174556694,
    "iw": 0.0002685629525009096,
    "ix": 0.00013050011811407064,
    "iy": 0.0005663734207602472,
    "iz": 7.843564002965839e-05,
    "'i": 5.76587090557204e-05,
    "jk": 6.500887629722051e-05,
    "jl": 8.512319667772867e-05,
    "jm": 9.887580980134052e-05,
    "jn": 9.53637090257796e-05,
    "jo": 9.832901544030682e-05,
    "jp": 7.825365607016676e-05,
    "jq": 1.5195633956271548e-05,
    "jr": 0.00010746518513787815,
    "js": 0.00010303347201660239,
    "jt": 0.00020864253080962034,
    "ju": 7.605222067342349e-05,
    "jv": 5.922968541147611e-05,
    "jw": 6.150182498856914e-05,
    "jx": 3.9025781125680245e-05,
    "jy": 0.00011264994464438417,
    "jz": 3.600704026738432e-05,
    "'j": 3.1387638019341094e-06,
    "kl": 0.0008767600739006761,
    "km": 0.0005751638032310406,
    "kn": 0.0012574725119077618,
    "ko": 0.0002149249748198622,
    "kp": 0.0006253958295598047,
    "kq": 2.9668500746772326e-05,
    "kr": 0.0007303101363168524,
    "ks": 0.0007984584244813568,
    "kt": 0.0009700202196510973,
    "ku": 0.0001451074707403399,
    "kv": 0.000790847074755521,
    "kw": 0.00012860606630733443,
    "kx": 0.00013264442295982926,
    "ky": 0.00023347404227047099,
    "kz": 9.459763467389292e-05,
    "'k": 1.5372974964653778e-05,
    "lm": 0.0013830787555312908,
    "ln": 0.002242368209710575,
    "lo": 0.000718360367085927,
    "lp": 0.0010624538813378073,
    "lq": 3.56870844941263e-05,
    "lr": 0.0023644334173836623,
    "ls": 0.0017922902612332987,
    "lt": 0.0022894958301303615,
    "lu": 0.00033563963045324884,
    "lv": 0.0005270069657249168,