{
    "st": 0.02459598920697074,
    "hi": 0.0008395481379271845,
    "eo": 0.009239789873019853,
    "ey": 0.009333658722473676,
    "ho": 0.0007732260557626075,
    "eh": 0.0022885116001263132,
    "ae": 0.00840537329266324,
    "ah": 0.0018101929023712309,
    "ct": 0.0032712133038302286,
    "ce": 0.0013575346221262055,
    "hu": 0.0005182324196486394,
    "ei": 0.0048519343948691205,
    "ex": 0.0005250670388638575,
    "eu": 0.0019847794490181806,
    "hr": 0.0027913761789238527,
    "er": 0.0030658835254765613,
    "hs": 0.0028238997768667575,
    "hy": 0.0010186650384772465,
    "es": 0.00244818820602652,
    "et": 0.0032724073908916053,
    "tw": 0.009207591549833449,
    "pt": 0.0027934130679245824,
    "bh": 0.00710628344571689,
    "rt": 0.004687247520064054,
    "ef": 0.0009575745590521973,
    "ch": 0.0024318336557628624,
    "ek": 0.001125808286238873,
    "ht": 0.002246585219434031,
    "it": 0.0013629373047018803,
    "hz": 0.00022125015781297345,
    "hl": 0.002490944599377719,
    "kt": 0.0015399427776552656,
    "gh": 0.0013802591445728248,
    "dh": 0.0017904931608420474,
    "ew": 0.0007908757582071849,
    "eq": 0.0001080831553143347,
    "be": 0.001050313331524504,
    "de": 0.002275746080890842,
    "ez": 0.0001588858425187131,
    "at": 0.0016557003534576772,
    "ft": 0.0046916762827448315,
    "hw": 0.008538036790156616,
    "hp": 0.002034297808186223,
    "ty": 0.0014622787726912805,
    "dt": 0.0067608403732460935,
    "em": 0.0015874514729338233,
    "tz": 0.0005107160911052747,
    "hm": 0.004703714515880161,
    "hk": 0.0012280910079559182,
    "ep": 0.0014419737280627174,
    "hn": 0.003079218989228465,
    "eg": 0.0010754177307126095,
    "en": 0.0013661332035033078,
    "hv": 0.0005185045649239344,
    "hj": 0.0005165330288763946,
    "nt": 0.019317491320920026,
    "bt": 0.0026953823314465057,
    "el": 0.002046863290028564,
    "gt": 0.003437550973169117,
    "mt": 0.005011422431686027,
    "lt": 0.0037368469078426377,
    "ot": 0.0011239311844398014,
    "fh": 0.001865759973903613,
    "ej": 0.00031449005321156206,
    "jt": 0.000722110389508713,
    "ev": 0.00045913067377437085,
    "tx": 0.0007752630772700202,
    "tu": 0.0006580867450620153,
    "dy": 0.0023465608874903877,
    "dn": 0.005226808962871151,
    "in": 0.0013690578505352554,
    "ad": 0.0014516543133103095,
    "au": 0.004279135889583957,
    "ai": 0.03494087776017665,
    "mn": 0.004385654268512709,
    "dg": 0.003724141635691174,
    "cd": 0.0019788003996471354,
    "ds": 0.012792454288264685,
    "di": 0.0012115477198019,
    "nu": 0.0006491642323692446,
    "bn": 0.00140404049405625,
    "nr": 0.008480756270143965,
    "ns": 0.02124510669585237,
    "do": 0.0010051638765309983,
    "du": 0.0005793317743985389,
    "an": 0.0013047896982249212,
    "nw": 0.002032605877590706,
    "dz": 0.0005366258232128029,
    "fn": 0.013309731857937372,
    "np": 0.001979079487788242,
    "ln": 0.0039784899331542735,
    "as": 0.002843167578837705,
    "dp": 0.0026922163513444135,
    "no": 0.0030571462463394503,
    "am": 0.0014624835703497617,
    "ac": 0.0016220736706830177,
    "df": 0.0013267232229937694,
    "ar": 0.002063277973486839,
    "cn": 0.0023226616905769404,
    "ab": 0.0010151053925354539,
    "dr": 0.005896771144880596,
    "ag": 0.0008896821223333719,
    "ap": 0.0014466998818920191,
    "ao": 0.010599559350829084,
    "av": 0.0005371534314775773,
    "af": 0.0007371009594711852,
    "aw": 0.0005822103173779248,
    "dl": 0.0038382423583823546,
    "dk": 0.0026174361375565984,
    "dx": 0.00057097439606387,
    "bd": 0.0019114680606700076,
    "dj": 0.0006890877561049555,
    "dw": 0.0025312238893482305,
    "gn": 0.0037438938790818103,
    "dm": 0.004181267986242715,
    "al": 0.0015487806731835424,
    "aq": 0.00011999082732822292,
    "dv": 0.0009857861243534796,
    "nv": 0.001651646898926038,
    "ak": 0.0006921519952491544,
    "kn": 0.0016088179301899787,
    "ny": 0.003511469124175023,
    "jn": 0.0005924764880824018,
    "aj": 0.00038020214208487235,
    "nz": 0.0002811816349983958,
    "rx": 0.0006604160206387639,
    "ou": 0.0029396719795536414,
    "gr": 0.0015532517252589348,
    "fp": 0.0015811574889481276,
    "io": 0.01580567909729155,
    "or": 0.0016787715836470028,
    "cf": 0.0018897681499939801,
    "lr": 0.004366495710056876,
    "fm": 0.0023913836418132965,
    "br": 0.0023599894343706027,
    "bf": 0.0019678220792901133,
    "fl": 0.002490487516478475,
    "fw": 0.0019418530464340822,
    "ry": 0.0018381438129849695,
    "fs": 0.005184833361958768,
    "fk": 0.0018768918709993671,
    "fv": 0.0010587920296631528,
    "ir": 0.0013688308927380063,
    "fg": 0.0014670014632995729,
    "fj": 0.0005301478913444087,
    "rs": 0.005861565361628014,
    "ru": 0.0015627482812412621,
    "fy": 0.0008882309638806611,
    "fz": 0.00015179682277913293,
    "pr": 0.0021692978208693765,
    "fr": 0.005558468710723823,
    "mr": 0.003279319420201863,
    "op": 0.0017695485299251436,
    "bo": 0.00308005395555465,
    "kr": 0.0012278941370687155,
    "rv": 0.001666959969754878,
    "fx": 0.0002585570372901613,
    "fi": 0.0007199929847371157,
    "cr": 0.0024229243639339315,
    "mo": 0.0013934995428794986,
    "fo": 0.0005473235270260521,
    "lo": 0.0010268828301534577,
    "os": 0.00115027853061775,
    "co": 0.0011412578856481764,
    "rw": 0.0016149857255650984,
    "rz": 0.00025096208036414175,
    "oy": 0.0015360379128667352,
    "go": 0.00061148238309979,
    "ox": 0.00031836768983787775,
    "fu": 0.0003967744114562963,
    "jo": 0.00031824796107412384,
    "ov": 0.0005091326916640231,
    "ko": 0.00040882300192489205,
    "ly": 0.000953842434397888,
    "my": 0.002544884086198039,
    "mu": 0.0006656536890327099,
    "sy": 0.003459286961946159,
    "uy": 0.0003616610266942643,
    "uw": 0.0003735007180778207,
    "by": 0.0007868772380705646,
    "vy": 0.000399950514331495,
    "cy": 0.0007578554328781272,
    "py": 0.0007393449303528618,
    "ky": 0.0004326042856447541,
    "yz": 0.0001413379486041252,
    "wy": 0.0012075557704515128,
    "jy": 0.0003569418533558741,
    "iy": 0.0007346448184615196,
    "gu": 0.0004326120651124234,
    "gy": 0.0009977766342973424,
    "su": 0.0007379152829312415,
    "iu": 0.003670955439252243,
    "ay": 0.0007823917724494723,
    "ku": 0.00030998250120679323,
    "bu": 0.00047173773467919754,
    "lu": 0.0005689299934264346,
    "pu": 0.0006250532276636695,
    "uv": 0.0003981958679617566,
    "cu": 0.0006061689771841949,
    "sw": 0.0030614343240985354,
    "gw": 0.0011374097077476956,
    "lw": 0.002053708726324862,
    "sx": 0.000616460706727095,
    "pw": 0.0016620427726943088,
    "mw": 0.005590172517964749,
    "ls": 0.003970514556830839,
    "cw": 0.0031365112117603647,
    "bw": 0.005331413443088563,
    "is": 0.002109645894933269,
    "gs": 0.003820256838904956,
    "vw": 0.0005898147051660632,
    "iw": 0.0005698455302165903,
    "jw": 0.0004434103640012925,
    "ps": 0.004102432459689579,
    "sv": 0.0012887822319004748,
    "ow": 0.001549337630466428,
    "cs": 0.004096914994292215,
    "'a": 0.0001052833193491507,
    "ms": 0.00639545271943415,
    "kw": 0.000779119460412571,
    "ks": 0.0014748270133674761,
    "bs": 0.0026094427578884556,
    "qw": 9.294782534040303e-05,
    "sz": 0.0005723856582866508,
    "js": 0.0006694606174624033,
    "wz": 0.0001410886565604661,
    "wx": 0.00034384657575134555,
    "qs": 0.00018221105134191254,
    "jr": 0.0006472491884989075,
    "qr": 0.00012080652002546248,
    "tv": 0.0010026197118895908,
    "'o": 4.662491694563052e-05,
    "oz": 0.00012745701862634058,
    "oq": 0.00010541758939525229,
    "nq": 0.00013269064018129058,
    "bp": 0.0024201023224482646,
    "bc": 0.0022505714826419007,
    "bg": 0.001669462554588311,
    "bm": 0.009041972659909123,
    "bj": 0.0008126700663949346,
    "bk": 0.0008569910502342586,
    "bl": 0.0025166011749885894,
    "bq": 0.0001118813061963057,
    "ju": 0.00024329520635623977,