{
    "ab": 0.0010124292000785594,
    "ac": 0.0016147475459939058,
    "ad": 0.0014497326851023345,
    "ae": 0.008404621992142201,
    "af": 0.0007352394397641637,
    "ag": 0.0008889252536433415,
    "ah": 0.001803435048079943,
    "ai": 0.03493925065332625,
    "aj": 0.0003800521268024799,
    "ak": 0.000692005164978626,
    "al": 0.0015466946900761565,
    "am": 0.0014597489616414248,
    "an": 0.0013032942939666735,
    "ao": 0.010599295556429234,
    "ap": 0.0014423548716920298,
    "aq": 0.00011997986254626134,
    "ar": 0.002061796223639286,
    "as": 0.0028363807033891467,
    "at": 0.0016543043605576433,
    "au": 0.0042790224241680925,
    "av": 0.0005369799992754358,
    "aw": 0.0005813401445038827,
    "ax": 0.0004986174497879216,
    "ay": 0.0007818699571204845,
    "az": 0.00015174108013647162,
    "'a": 0.00010528331934915074,
    "bc": 0.0022495738661785576,
    "bd": 0.0019111074542151147,
    "be": 0.0010500241200329871,
    "bf": 0.001967578777587798,
    "bg": 0.001669269032287475,
    "bh": 0.007106187724752266,
    "bi": 0.0007738872044712225,
    "bj": 0.0008125519565350808,
    "bk": 0.0008568058067177472,
    "bl": 0.0025163747944501346,
    "bm": 0.009041628589166904,
    "bn": 0.0014038501136150352,
    "bo": 0.0030796924292070173,
    "bp": 0.0024197936293896254,
    "bq": 0.00011188130619630552,
    "br": 0.0023595239473781482,
    "bs": 0.002607673111581088,
    "bt": 0.0026949295612605654,
    "bu": 0.00047160113495584954,
    "bv": 0.0006722294571629427,
    "bw": 0.005331290343078529,
    "bx": 0.00037362754293226096,
    "by": 0.0007868772380705637,
    "bz": 0.0002481072876296914,
    "'b": 3.872617125311498e-05,
    "cd": 0.0019781754861154313,
    "ce": 0.0013553990459948537,
    "cf": 0.0018890513357770068,
    "cg": 0.002262219613579235,
    "ch": 0.0024314944785619194,
    "ci": 0.0010679709579699942,
    "cj": 0.0005337368982765795,
    "ck": 0.0008363697916880116,
    "cl": 0.001821167025722714,
    "cm": 0.0029668400273511987,
    "cn": 0.0023222721015620056,
    "co": 0.0011402046652321629,
    "cp": 0.0025337267481560072,
    "cq": 0.00012393228340758857,
    "cr": 0.0024222296094859935,
    "cs": 0.0040912819482499885,
    "ct": 0.0032704600530704107,
    "cu": 0.0006060749318040064,
    "cv": 0.0008221237460060869,
    "cw": 0.0031359787088597745,
    "cx": 0.00041965079831255753,
    "cy": 0.0007578554328781297,
    "cz": 0.0002473804940645829,
    "'c": 2.630095676990099e-05,
    "de": 0.0022748327147803665,
    "df": 0.0013265197407358739,
    "dg": 0.00372401452789389,
    "dh": 0.001790287584927314,
    "di": 0.0012109122287887791,
    "dj": 0.0006890715380039825,
    "dk": 0.0026173936760381655,
    "dl": 0.0038377745563639956,
    "dm": 0.0041805816179434525,
    "dn": 0.005226574243381456,
    "do": 0.0010036534294727492,
    "dp": 0.002691226750088973,
    "dq": 0.00013670763290751832,
    "dr": 0.00589646546676057,
    "ds": 0.012791075646454271,
    "dt": 0.006760242864823847,
    "du": 0.0005792746817738129,
    "dv": 0.0009857111847692947,
    "dw": 0.002531192231584217,
    "dx": 0.0005709618068097541,
    "dy": 0.002346560887490382,
    "dz": 0.0005366258232128037,
    "'d": 4.626437886040127e-05,
    "ef": 0.0009571690098392811,
    "eg": 0.001075182754236877,
    "eh": 0.0022878971501858717,
    "ei": 0.004851716206182238,
    "ej": 0.0003144900532115633,
    "ek": 0.0011253870472489,
    "el": 0.0020454545805402152,
    "em": 0.0015865153755103367,
    "en": 0.0013652410105452234,
    "eo": 0.00923974066574072,
    "ep": 0.001440510743429548,
    "eq": 0.00010808315531433458,
    "er": 0.003064948835760873,
    "es": 0.0024451562718673086,
    "et": 0.0032714532773326583,
    "eu": 0.001984779449018153,
    "ev": 0.00045903490183302415,
    "ew": 0.0007897119775065784,
    "ex": 0.0005250093797416786,
    "ey": 0.009333585640677865,
    "ez": 0.00015883320263242293,
    "'e": 0.00012734078245528233,
    "fg": 0.0014668789738696835,
    "fh": 0.0018657205774443007,
    "fi": 0.0007192819151390253,
    "fj": 0.0005301478913444108,
    "fk": 0.0018768540925035112,
    "fl": 0.0024902964399725583,
    "fm": 0.0023908655509051013,
    "fn": 0.013309670611607432,
    "fo": 0.0005467568195817548,
    "fp": 0.0015806840672744566,
    "fq": 0.00010353173803422965,
    "fr": 0.005558183610561395,
    "fs": 0.005183914498895613,
    "ft": 0.004690961877398256,
    "fu": 0.00039673431791469244,
    "fv": 0.001058780280687592,
    "fw": 0.001941772465740198,
    "fx": 0.0002585570372901616,
    "fy": 0.0008882309638806618,
    "fz": 0.00015179682277913282,
    "'f": 1.2042023141691692e-05,
    "gh": 0.001380178024237236,
    "gi": 0.0006142294145294548,
    "gj": 0.0005885424231971317,
    "gk": 0.0013875328409120227,
    "gl": 0.0025575000905243943,
    "gm": 0.0015058213651193998,
    "gn": 0.0037437460190145482,
    "go": 0.0006111833711236212,
    "gp": 0.0012540080573076688,
    "gq": 0.00014099007385734433,
    "gr": 0.00155313022944623,
    "gs": 0.0038198750126435944,
    "gt": 0.0034373211431028765,
    "gu": 0.00043255967628732714,
    "gv": 0.000587936417771505,
    "gw": 0.0011373974050599654,
    "gx": 0.00032226733072471974,
    "gy": 0.000997776634297331,
    "gz": 0.00024239426511247703,
    "'g": 2.8738912834642295e-05,
    "hi": 0.0008392722091343759,
    "hj": 0.0005165330288763944,
    "hk": 0.0012280910079559071,
    "hl": 0.002490837234226559,
    "hm": 0.004703275689536657,
    "hn": 0.0030791008922590457,
    "ho": 0.0007718504334151185,
    "hp": 0.0020341147698403833,
    "hq": 0.00010157326601302107,
    "hr": 0.0027912441973991847,
    "hs": 0.002822525250483933,
    "ht": 0.0022463295766658115,
    "hu": 0.000517929940440107,
    "hv": 0.0005185045649239337,
    "hw": 0.008537983837131525,
    "hx": 0.0002640665115714379,
    "hy": 0.001018665038477237,
    "hz": 0.00022125015781297307,
    "'h": 1.3167555818623285e-05,
    "ij": 0.0003339318242011999,
    "ik": 0.0004375481846648373,
    "il": 0.001199771389687977,
    "im": 0.0011846123048409429,
    "in": 0.0013683728228733219,
    "io": 0.015805525697492096,
    "ip": 0.0009487888074617153,
    "iq": 0.00010843386530532769,
    "ir": 0.0013684479879467431,
    "is": 0.002105699298703835,
    "it": 0.0013621613295503382,
    "iu": 0.0036709070849115745,
    "iv": 0.0005862951824445549,
    "iw": 0.0005696301133033451,
    "ix": 0.00036914218260907064,
    "iy": 0.0007346448184615214,
    "iz": 0.00013358937203010611,
    "'i": 5.76587090557204e-05,
    "jk": 0.00039805236071035035,
    "jl": 0.0006672855695388814,
    "jm": 0.0012124065900887707,
    "jn": 0.000592476488082402,
    "jo": 0.00031824796107412525,
    "jp": 0.0007386013630772522,
    "jq": 8.104035013586329e-05,
    "jr": 0.0006472384733058574,
    "js": 0.0006693578989877497,
    "jt": 0.0007221103895087144,
    "ju": 0.00024329520635623959,
    "jv": 0.00032855780276339443,
    "jw": 0.00044341036400129404,
    "jx": 0.00018967879690527791,
    "jy": 0.00035694185335587446,
    "jz": 0.0001372234108523337,
    "'j": 3.1387638019341094e-06,
    "kl": 0.0013312115340706047,
    "km": 0.0015362397953165676,
    "kn": 0.0016087955429785914,
    "ko": 0.0004084280662780579,
    "kp": 0.001220855109653451,
    "kq": 9.930831714705481e-05,
    "kr": 0.0012278800116932473,
    "ks": 0.0014746081858652167,
    "kt": 0.0015398078506054303,
    "ku": 0.00030996590533771874,
    "kv": 0.0010107716481202135,
    "kw": 0.0007791194604125724,
    "kx": 0.00025651516999125503,
    "ky": 0.00043260428564475395,
    "kz": 0.00018301722904754252,
    "'k": 1.5372974964653778e-05,
    "lm": 0.003875335890418613,
    "ln": 0.0039783293648617156,
    "lo": 0.0010263741265300783,
    "lp": 0.002889810695683633,
    "lq": 0.00011288347072478224,
    "lr": 0.004366351257000877,
    "ls": 0.00396983820332633,
    "lt": 0.0037365906541971805,
    "lu": 0.0005687755730006144,
    "lv": 0.001021936640157792,
    "lw": 0.0020535841168191496,
    "lx": 0.0004909642555068872,