{
    "ab": 0.0010511869709914233,
    "ac": 0.0016765632418123243,
    "ad": 0.001505231289142723,
    "ae": 0.00872636736826864,
    "af": 0.0007633858442438752,
    "ag": 0.0009229550518126305,
    "ah": 0.0018724740707042296,
    "ai": 0.03627679353788912,
    "aj": 0.00039460126590713454,
    "ak": 0.0007184964768181888,
    "al": 0.0016059051894033818,
    "am": 0.0015156310083477022,
    "an": 0.001353186949841952,
    "ao": 0.011005057331160686,
    "ap": 0.0014975710385980764,
    "aq": 0.00012457292646259649,
    "ar": 0.0021407258176282967,
    "as": 0.002944962906979377,
    "at": 0.0017176343686428207,
    "au": 0.004442831775808727,
    "av": 0.0005575366444167377,
    "aw": 0.000603594982809005,
    "ax": 0.0005177055014665349,
    "ay": 0.0008118014690517633,
    "az": 0.00015755002561289953,
    "'a": 0.00010931377083352479,
    "bc": 0.002335691955769562,
    "bd": 0.0019842683872409385,
    "be": 0.0010902210980479063,
    "bf": 0.0020429015433761056,
    "bg": 0.0017331719172895231,
    "bh": 0.007378226496330943,
    "bi": 0.0008035131210103394,
    "bj": 0.0008436580354428625,
    "bk": 0.0008896060096069973,
    "bl": 0.0026127065456546983,
    "bm": 0.009387759824329758,
    "bn": 0.0014575922430353123,
    "bo": 0.0031975890817769206,
    "bp": 0.0025124280646044665,
    "bq": 0.00011616434152821013,
    "br": 0.002449851141229138,
    "bs": 0.00270749994101909,
    "bt": 0.0027980967383367866,
    "bu": 0.0004896549492368355,
    "bv": 0.0006979637162099738,
    "bw": 0.005535382569745804,
    "bx": 0.00038793073639465926,
    "by": 0.0008170004385149201,
    "bz": 0.00025760532009953466,
    "'b": 4.020868486853036e-05,
    "cd": 0.0020539039146419452,
    "ce": 0.0014072863737369878,
    "cf": 0.0019613679174293372,
    "cg": 0.0023488218071260904,
    "ch": 0.002524576845179441,
    "ci": 0.0011088549760597342,
    "cj": 0.0005541693911655054,
    "ck": 0.000868387663932479,
    "cl": 0.0018908848631493168,
    "cm": 0.003080416469147099,
    "cn": 0.0024111732218602853,
    "co": 0.0011838539309837017,
    "cp": 0.0026307227661029474,
    "cq": 0.00012867665372864087,
    "cr": 0.0025149572987856793,
    "cs": 0.004247904227099615,
    "ct": 0.003395659663578227,
    "cu": 0.0006292766661683121,
    "cv": 0.0008535962517450136,
    "cw": 0.0032560301103564666,
    "cx": 0.0004357158520497833,
    "cy": 0.000786867621829496,
    "cz": 0.0002568507034545553,
    "'c": 2.7307808861087082e-05,
    "de": 0.002361917762522672,
    "df": 0.001377301512161316,
    "dg": 0.0038665770912188996,
    "dh": 0.0018588232969350012,
    "di": 0.0012572683184346913,
    "dj": 0.0007154505448623987,
    "dk": 0.0027175926277049037,
    "dl": 0.003984692076185858,
    "dm": 0.004340622462891632,
    "dn": 0.0054266577328425806,
    "do": 0.0010420752467142874,
    "dp": 0.002794252176307839,
    "dq": 0.00014194106860638829,
    "dr": 0.006122193703103997,
    "ds": 0.013280743051934002,
    "dt": 0.007019038190215325,
    "du": 0.0006014504501239054,
    "dv": 0.0010234461377739805,
    "dw": 0.0026280912232772157,
    "dx": 0.000592819342039487,
    "dy": 0.0024363918300425937,
    "dz": 0.0005571689098013721,
    "'d": 4.8035469813880525e-05,
    "ef": 0.0009938113125359685,
    "eg": 0.0011163428539998446,
    "eh": 0.002375482330080147,
    "ei": 0.0050374493964525785,
    "ej": 0.00032652934784648923,
    "ek": 0.001168469065588743,
    "el": 0.002123758584453866,
    "em": 0.0016472502885975873,
    "en": 0.0014175051079492224,
    "eo": 0.009593456018862957,
    "ep": 0.0014956563134970939,
    "eq": 0.00011222078999820919,
    "er": 0.003182281074723213,
    "es": 0.002538761638666125,
    "et": 0.003396690910408787,
    "eu": 0.0020607606901672988,
    "ev": 0.00047660765612030944,
    "ew": 0.0008199436973235984,
    "ex": 0.0005451077661429735,
    "ey": 0.009690893563077691,
    "ez": 0.00016491364843594801,
    "'e": 0.00013221563678967303,
    "fg": 0.001523033971396154,
    "fh": 0.0019371440120137416,
    "fi": 0.0007468174343502068,
    "fj": 0.0005504429900249607,
    "fk": 0.0019487037398156172,
    "fl": 0.002585629860737277,
    "fm": 0.0024823925626687366,
    "fn": 0.013819190847146204,
    "fo": 0.0005676877405357844,
    "fp": 0.0016411957464716623,
    "fq": 0.00010749513555835276,
    "fr": 0.005770961755495439,
    "fs": 0.005382364889860709,
    "ft": 0.004870541077396707,
    "fu": 0.00041192208393903845,
    "fv": 0.0010993124616665317,
    "fw": 0.002016107315412872,
    "fx": 0.00026845510662520575,
    "fy": 0.0009222341832792406,
    "fz": 0.0001576079021929997,
    "'f": 1.2503015351533997e-05,
    "gh": 0.0014330139397542966,
    "gi": 0.0006377433184492823,
    "gj": 0.0006110729788241388,
    "gk": 0.0014406503132033894,
    "gl": 0.0026554061985371636,
    "gm": 0.0015634671535858576,
    "gn": 0.00388706394243048,
    "go": 0.0006345806665413383,
    "gp": 0.0013020139395997293,
    "gq": 0.00014638744977570653,
    "gr": 0.001612587093813684,
    "gs": 0.003966107302905793,
    "gt": 0.00356890852265296,
    "gu": 0.00044911890713367756,
    "gv": 0.0006104437743249801,
    "gw": 0.0011809392033988314,
    "gx": 0.00033460435476152117,
    "gy": 0.0010359734763197691,
    "gz": 0.0002516735919010489,
    "'g": 2.9839094654608966e-05,
    "hi": 0.0008714011915981762,
    "hj": 0.0005363069239799391,
    "hk": 0.0012751047348839824,
    "hl": 0.0025861913576535533,
    "hm": 0.004883326286359584,
    "hn": 0.0031969748996370537,
    "ho": 0.0008013983783726292,
    "hp": 0.002111984663610564,
    "hq": 0.0001054616893958103,
    "hr": 0.0028980984872164516,
    "hs": 0.0029305770402244316,
    "ht": 0.002332323468505802,
    "hu": 0.0005377573120518041,
    "hv": 0.0005383539342853041,
    "hw": 0.008864834565648246,
    "hx": 0.0002741754943629761,
    "hy": 0.0010576615294863672,
    "hz": 0.00022972004679907185,
    "'h": 1.3671635621794658e-05,
    "ij": 0.0003467153878735047,
    "ik": 0.0004542983853734531,
    "il": 0.0012457009862125803,
    "im": 0.0012299615819341186,
    "in": 0.001420756812181609,
    "io": 0.016410592149638328,
    "ip": 0.0009851102996129067,
    "iq": 0.00011258492585393111,
    "ir": 0.001420834854721125,
    "is": 0.0021863095883163913,
    "it": 0.0014143075307394954,
    "iu": 0.0038114365913979264,
    "iv": 0.0006087397092981251,
    "iw": 0.0005914366686997784,
    "ix": 0.0003832736677012892,
    "iy": 0.0007627684596742055,
    "iz": 0.00013870343460073767,
    "'i": 5.986599726564133e-05,
    "jk": 0.00041329058399207645,
    "jl": 0.0006928305668934037,
    "jm": 0.001258819886809431,
    "jn": 0.0006151576474114434,
    "jo": 0.0003304311157755502,
    "jp": 0.0007668764685600413,
    "jq": 8.414273331981368e-05,
    "jr": 0.000672016028588176,
    "js": 0.0006949822291687342,
    "jt": 0.000749754188253561,
    "ju": 0.00025260902293859557,
    "jv": 0.000341135638379109,
    "jw": 0.00046038498040609375,
    "jx": 0.0001969400724166045,
    "jy": 0.000370606285970527,
    "jz": 0.00014247659154021178,
    "'j": 3.258921822243591e-06,
    "kl": 0.001382172916525859,
    "km": 0.0015950500608141295,
    "kn": 0.0016703833844746313,
    "ko": 0.0004240634918722236,
    "kp": 0.001267591832235214,
    "kq": 0.00010311003385517517,
    "kr": 0.001274885661271508,
    "ks": 0.001531059072751493,
    "kt": 0.0015987547082414644,
    "ku": 0.00032183200673912594,
    "kv": 0.001049465964700594,
    "kw": 0.0008089456779476667,
    "kx": 0.00026633507265054615,
    "ky": 0.0004491652242245988,
    "kz": 0.0001900234867058374,
    "'k": 1.596148252832639e-05,
    "lm": 0.004023691331608565,
    "ln": 0.004130627597792241,
    "lo": 0.0010656657365151092,
    "lp": 0.00300043830393136,
    "lq": 0.00011720487087588476,
    "lr": 0.00453350372724848,
    "ls": 0.004121811377977671,
    "lt": 0.003879634656246198,
    "lu": 0.0005905494149220842,
    "lv": 0.001061058374481164,
    "lw": 0.002132199335289534,
    "lx": 0.0005097593279325582,