{
    "ab": 0.00038610521313307524,
    "ac": 0.0007941264376600697,
    "ad": 0.0006217717768476866,
    "ae": 0.00722321027328137,
    "af": 0.0002854900180717488,
    "ag": 0.0003615281406390995,
    "ah": 0.0013618053694723822,
    "ai": 0.008091119138723075,
    "aj": 9.869886045018458e-05,
    "ak": 0.0003302580062544459,
    "al": 0.0009656844785023879,
    "am": 0.0006002230602950004,
    "an": 0.0008521912010968682,
    "ao": 0.006837007918453034,
    "ap": 0.0007211581514693012,
    "aq": 4.893179919645427e-05,
    "ar": 0.0014908017936930422,
    "as": 0.001360915186769224,
    "at": 0.0009978336686132876,
    "au": 0.002873206731955242,
    "av": 0.0002307108880102773,
    "aw": 0.00022522735458689255,
    "ax": 0.00027148868310213834,
    "ay": 0.0006071961759505891,
    "az": 8.80909531178437e-05,
    "'a": 0.00010931377083352479,
    "bc": 0.00033912157093349537,
    "bd": 0.0004583922308502066,
    "be": 0.0005253487433642327,
    "bf": 0.00024316104081928479,
    "bg": 0.00031881903766458296,
    "bh": 0.0001937686636538487,
    "bi": 0.00032327167004941675,
    "bj": 7.681132817248235e-05,
    "bk": 0.000191386055111566,
    "bl": 0.00048193761637965076,
    "bm": 0.0005231269664884904,
    "bn": 0.0005779015745309846,
    "bo": 0.00035466903161987214,
    "bp": 0.00046804153292092363,
    "bq": 3.5977962393547794e-05,
    "br": 0.00046340437994695654,
    "bs": 0.0005108987317321755,
    "bt": 0.0005372761933808166,
    "bu": 0.0002265151549158942,
    "bv": 0.00022211030223545373,
    "bw": 0.0002804068522691188,
    "bx": 0.00016432730901970972,
    "by": 0.0003498065280737139,
    "bz": 8.610993116347478e-05,
    "'b": 4.020868486853036e-05,
    "cd": 0.0006938639979978468,
    "ce": 0.0006636134492844299,
    "cf": 0.0003112818279534314,
    "cg": 0.0007822560571244248,
    "ch": 0.00042303358190129317,
    "ci": 0.0005181166342741679,
    "cj": 0.0001022658255980126,
    "ck": 0.0004368559846156292,
    "cl": 0.0006425127287335722,
    "cm": 0.0007096528609389361,
    "cn": 0.0012708369465832038,
    "co": 0.0006089339586609586,
    "cp": 0.0007802236201535708,
    "cq": 4.6870311428662105e-05,
    "cr": 0.0012145509376671995,
    "cs": 0.0013075200515839996,
    "ct": 0.0013141644708485449,
    "cu": 0.00032516341248958725,
    "cv": 0.00035696836603537013,
    "cw": 0.00026070179561915477,
    "cx": 0.00020533318823423758,
    "cy": 0.00039681358500207254,
    "cz": 0.00014895377757518182,
    "'c": 2.7307808861087082e-05,
    "de": 0.0017716859072437505,
    "df": 0.0005373689714547689,
    "dg": 0.000992917402801159,
    "dh": 0.00029032678320790227,
    "di": 0.0006302476397897549,
    "dj": 9.556330569710164e-05,
    "dk": 0.002015328013763166,
    "dl": 0.0020946933905287494,
    "dm": 0.0015619458524709139,
    "dn": 0.0021011439916142553,
    "do": 0.0005321592474497072,
    "dp": 0.0011188415450065921,
    "dq": 4.538277853582871e-05,
    "dr": 0.0036403333731163884,
    "ds": 0.008444190417936844,
    "dt": 0.0032452561893082654,
    "du": 0.00034205546873733006,
    "dv": 0.0005676903042527858,
    "dw": 0.0003905515561498625,
    "dx": 0.000356324039085824,
    "dy": 0.001982556309417151,
    "dz": 0.0003706689229840698,
    "'d": 4.8035469813880525e-05,
    "ef": 0.000279203016004705,
    "eg": 0.000806102577275695,
    "eh": 0.0019831469266977236,
    "ei": 0.004358193862801151,
    "ej": 0.00010019330317722053,
    "ek": 0.0009267330069350246,
    "el": 0.0014386520910911796,
    "em": 0.000916416697592415,
    "en": 0.0009504914492519403,
    "eo": 0.008639837634919679,
    "ep": 0.0008578731542480487,
    "eq": 4.550391445314319e-05,
    "er": 0.00259297622185882,
    "es": 0.0018871145865789608,
    "et": 0.0028924631270191817,
    "eu": 0.0016609744911938724,
    "ev": 0.0001933520204158474,
    "ew": 0.00040252526730430655,
    "ex": 0.000320355909762072,
    "ey": 0.009507976383581097,
    "ez": 9.807048041642253e-05,
    "'e": 0.00013221563678967303,
    "fg": 0.00023296050887400497,
    "fh": 0.0004467940898861718,
    "fi": 0.0003515497183727485,
    "fj": 8.856184511771986e-05,
    "fk": 0.0011474875727031937,
    "fl": 0.0007037816367717372,
    "fm": 0.0005449441300982422,
    "fn": 0.012265289071643199,
    "fo": 0.00025052048405920635,
    "fp": 0.000413202701826536,
    "fq": 3.4931864426208864e-05,
    "fr": 0.0040764215009922436,
    "fs": 0.003557320864723597,
    "ft": 0.003616599349465981,
    "fu": 0.0001745804718139143,
    "fv": 0.0006785993543683062,
    "fw": 0.00013204780699846674,
    "fx": 8.317172068120094e-05,
    "fy": 0.0001220645620814725,
    "fz": 6.95284888882704e-05,
    "'f": 1.2503015351533997e-05,
    "gh": 0.00019379248343540765,
    "gi": 0.00032911313832044463,
    "gj": 8.305524947193254e-05,
    "gk": 0.0010745316253853187,
    "gl": 0.00047807312320724706,
    "gm": 0.0004913890227846708,
    "gn": 0.0008013746703952432,
    "go": 0.0003353161131489027,
    "gp": 0.0004268577283726391,
    "gq": 4.3648383199860074e-05,
    "gr": 0.0007531167456699782,
    "gs": 0.0007852690468868356,
    "gt": 0.001403316930190991,
    "gu": 0.00022358182291631952,
    "gv": 0.00029227948511040497,
    "gw": 0.0003537192727111029,
    "gx": 0.00018264231036576863,
    "gy": 0.00036470147869102886,
    "gz": 0.0001074492224205857,
    "'g": 2.9839094654608966e-05,
    "hi": 0.0004644304013213909,
    "hj": 6.732597542230129e-05,
    "hk": 0.000546532274296697,
    "hl": 0.0006888949009184437,
    "hm": 0.0004871671099149007,
    "hn": 0.000706089639519867,
    "ho": 0.00048762622239373153,
    "hp": 0.0006604256208464527,
    "hq": 3.099838149712588e-05,
    "hr": 0.0011642807890074472,
    "hs": 0.0006120419727559701,
    "ht": 0.0009386859009608564,
    "hu": 0.0002961665409596861,
    "hv": 0.00013798431978473253,
    "hw": 0.0003136409969449738,
    "hx": 9.630724338088436e-05,
    "hy": 0.0002585542559278877,
    "hz": 7.189017348878233e-05,
    "'h": 1.3671635621794658e-05,
    "ij": 0.00010575197257000344,
    "ik": 0.00022758696469769437,
    "il": 0.0007842604728947207,
    "im": 0.0005185959682174019,
    "in": 0.0010436295595139871,
    "io": 0.004488105667097786,
    "ip": 0.0004909938647293026,
    "iq": 4.3904770546439824e-05,
    "ir": 0.0009420245384790292,
    "is": 0.0008856052549116516,
    "it": 0.0008466149368561696,
    "iu": 0.0023116217133693283,
    "iv": 0.00025785204686024803,
    "iw": 0.0002788440678499186,
    "ix": 0.00013549591799970646,
    "iy": 0.0005880553035933949,
    "iz": 8.143830981381462e-05,
    "'i": 5.986599726564133e-05,
    "jk": 6.749754329204333e-05,
    "jl": 8.838187921666577e-05,
    "jm": 0.00010266096928193126,
    "jn": 9.901441841616006e-05,
    "jo": 0.00010209324256278328,
    "jp": 8.124935915224522e-05,
    "jq": 1.577735255912023e-05,
    "jr": 0.0001115791627141464,
    "js": 0.00010697779494255769,
    "jt": 0.00021662977516327187,
    "ju": 7.896364850071886e-05,
    "jv": 6.149711367040113e-05,
    "jw": 6.385623519665583e-05,
    "jx": 4.051976439329769e-05,
    "jy": 0.00011696240496016235,
    "jz": 3.738546022783712e-05,
    "'j": 3.258921822243591e-06,
    "kl": 0.0009103241651844432,
    "km": 0.0005971821991062982,
    "kn": 0.0013056110203012007,
    "ko": 0.00022315272342378914,
    "kp": 0.0006493372056975718,
    "kq": 3.080426901104434e-05,
    "kr": 0.0007582678374148795,
    "ks": 0.0008290249754037258,
    "kt": 0.0010071544918067857,
    "ku": 0.00015066246866835578,
    "kv": 0.0008211222483164027,
    "kw": 0.0001335293581835046,
    "kx": 0.00013772231103096268,
    "ky": 0.00024241188547344958,
    "kz": 9.821901723901949e-05,
    "'k": 1.596148252832639e-05,
    "lm": 0.0014360257167184741,
    "ln": 0.002328210452671868,
    "lo": 0.0007458606076343394,
    "lp": 0.001103126694938184,
    "lq": 3.7053255921485405e-05,
    "lr": 0.002454948555353374,
    "ls": 0.0018609026396088403,
    "lt": 0.002377142210621229,
    "lu": 0.0003484885722907382,
    "lv": 0.0005471818236265507,